{"model_name": "resnet18", "model_params": 11277060, "num_classes": 196, "eval_data_size": 1622, "top_5_acc": 31.381011097410607, "top_5_recall": 32.17720175815916, "top_1_recall": 13.359845936376544, "top_1_acc": 12.700369913686806, "eval_time": 8.859857559204102, "eval_time_per_image": 0.005462304290508077, "train_data_size": 13008, "best_epoch": 1, "total_train_time": 88.53886437416077, "total_epoch_run": 2, "train_time_per_image": 0.003403246631848123}
